"","player_name","new_club","price_pounds","new_league"
"1","Juan Cuadrado","Juventus","17330000","Serie A"
"2","Medhi Benatia","Juventus","14900000","Serie A"
"3","Bruno Gaspar","Fiorentina","3530000","Serie A"
"4","Etrit Berisha","Atalanta","4410000","Serie A"
"5","Andreas Cornelius","Atalanta","3100000","Serie A"
"6","Robin Gosens","Atalanta","660000","Serie A"
"7","Franck Kessié","Milan"," ","Serie A"
"8","Vitor Hugo","Fiorentina","7050000","Serie A"
"9","Nikola Milenkovic","Fiorentina","4500000","Serie A"
"10","Daniele Padelli","Inter"," ","Serie A"
"11","André Silva","Milan","33500000","Serie A"
"12","Mateo Musacchio","Milan","15000000","Serie A"
"13","Ricardo Rodriguez","Milan","13220000","Serie A"
"14","Héctor Moreno","Roma","5300000","Serie A"
"15","Valerio Verre","Sampdoria","3100000","Serie A"
"16","Jacopo Murano","SPAL"," ","Serie A"
"17","Vanja Milinkovic-Savic","Torino","2200000","Serie A"
"18","Lyanco","Torino","5300000","Serie A"
"19","Aly Malle","Udinese"," ","Serie A"
"20","Nicolas Haas","Atalanta"," ","Serie A"
"21","João Schmidt","Atalanta"," ","Serie A"
"22","Giancarlo González","Bologna","1750000","Serie A"
"23","Sebastien De Maio","Bologna","1750000","Serie A"
"24","Salvatore Sirigu","Torino"," ","Serie A"
"25","Rick Karsdorp","Roma","12300000","Serie A"
"26","Rodrigo Ely","Milan"," ","Serie A"
"27","Gravillon","Benevento","1300000","Serie A"
"28","Giuseppe Pezzella","Udinese","3950000","Serie A"
"29","Fabio Borini","Milan"," ","Serie A"
"30","Lorenzo Pellegrini","Roma","8768600","Serie A"
"31","Senna Miangue","Cagliari","3034838","Serie A"
"32","Adam Marusic","Lazio","5500000","Serie A"
"33","Nicola Murru","Sampdoria","5950000","Serie A"
"34","Luca Cigarini","Cagliari"," ","Serie A"
"35","Luca Garritano","Chievo","850000","Serie A"
"36","Alejandro Rodríguez","Chievo","425000","Serie A"
"37","Michele Rigione","Chievo","170000","Serie A"
"38","Fabio Eguelfi","Atalanta","1280000","Serie A"
"39","Luca Vido","Atalanta"," ","Serie A"
"40","José Luis Palomino","Atalanta","3400000","Serie A"
"41","Andrea Poli","Bologna"," ","Serie A"
"42","Massimo Coda","Benevento","1450000","Serie A"
"43","William Vainqueur","Roma"," ","Serie A"
"44","Anastasios Donis","Juventus"," ","Serie A"
"45","Ervin Zukanovic","Roma"," ","Serie A"
"46","Mauricio Pinilla","Genoa"," ","Serie A"
"47","Marko Rog","Napoli","11000000","Serie A"
"48","Nikola Maksimovic","Napoli","22822540","Serie A"
"49","Oscar Hiljemark","Genoa","2194475","Serie A"
"50","Maxime Gonalons","Roma","4389750","Serie A"
"51","Luca Rizzo","SPAL"," ","Serie A"
"52","Marios Oikonomou","SPAL"," ","Serie A"
"53","Federico Mattiello","SPAL"," ","Serie A"
"54","Felipe Dal Bello","SPAL","530000","Serie A"
"55","Hakan Calhanoglu","Milan","22000000","Serie A"
"56","Adam Ounas","Napoli","8800000","Serie A"
"57","Oliver Kragl","Crotone","350000","Serie A"
"58","Josip Ilicic","Atalanta","4824590","Serie A"
"59","Gianluca Gaudino","Chievo","44000","Serie A"
"60","Ante Budimir","Crotone"," ","Serie A"
"61","Ervin Zukanovic","Genoa"," ","Serie A"
"62","Daniele Verde","Verona"," ","Serie A"
"63","Marco Pompetti","Inter"," ","Serie A"
"64","Lorenzo Peschetola","Inter"," ","Serie A"
"65","Milan Skriniar","Inter","29100000","Serie A"
"66","Gianluca Caprari","Sampdoria","11500000","Serie A"
"67","Andrea Conti","Milan","21100000","Serie A"
"68","Timothy Castagne","Atalanta","3500000","Serie A"
"69","Vid Belec","Benevento","1550000","Serie A"
"70","Gaetano Letizia","Benevento","1550000","Serie A"
"71","George Puscas","Benevento"," ","Serie A"
"72","Marco Andreolli","Cagliari"," ","Serie A"
"73","Alberto Paloschi","SPAL"," ","Serie A"
"74","Federico Viviani","SPAL"," ","Serie A"
"75","Alfred Gomis","SPAL"," ","Serie A"
"76","Alessio Cerci","Verona"," ","Serie A"
"77","Antonio Cassano","Verona"," ","Serie A"
"78","Douglas Costa","Juventus"," ","Serie A"
"79","Dawid Kownacki","Sampdoria","4050000","Serie A"
"80","Borja Valero","Inter","4850000","Serie A"
"81","Manuel Pucciarelli","Chievo"," ","Serie A"
"82","Antonio Donnarumma","Milan","270000","Serie A"
"83","Bruno Zuculini","Verona"," ","Serie A"
"84","Andrea Costa","Benevento","1300000","Serie A"
"85","Riccardo Orsolini","Atalanta"," ","Serie A"
"86","Matteo Pessina","Atalanta","2640000","Serie A"
"87","Mário Rui","Napoli"," ","Serie A"
"88","Mamadou Coulibaly","Udinese"," ","Serie A"
"89","Thomas Hertaux","Verona"," ","Serie A"
"90","Leonardo Bonucci","Milan","35200000","Serie A"
"91","Lucas Leiva","Lazio","5000000","Serie A"
"92","Leandro Cabrera","Crotone"," ","Serie A"
"93","Federico Fazio","Roma","2800000","Serie A"
"94","Berat Djimsiti","Benevento"," ","Serie A"
"95","Andrea Bertolacci","Genoa"," ","Serie A"
"96","Bruno Peres","Roma","10950000","Serie A"
"97","Federico Ricci","Sassuolo","3941555","Serie A"
"98","Cengiz Under","Roma","11700000","Serie A"
"99","Gianluca Di Chiara","Benevento","2550000","Serie A"
"100","Lucas Biglia","Milan","14900000","Serie A"
"101","Álex Berenguer","Torino","4800000","Serie A"
"102","José Relucio","Inter"," ","Serie A"
"103","Rafik Zekhnini","Fiorentina","1900000","Serie A"
"104","Stevan Jovetic","Inter"," ","Serie A"
"105","Gianluca Lapadula","Genoa"," ","Serie A"
"106","Gian Filippo Felicioli","Verona"," ","Serie A"
"107","Marco D'Alessandro","Benevento"," ","Serie A"
"108","Wojciech Szczesny","Juventus","10000000","Serie A"
"109","Danilo Cataldi","Benevento"," ","Serie A"
"110","Mattia De Sciglio","Juventus","10600000","Serie A"
"111","Gregoire Defrel","Roma"," ","Serie A"
"112","Federico Bernardeschi","Juventus","35700000","Serie A"
"113","Aleksandar Kolarov","Roma","4500000","Serie A"
"114","Davide Di Gennaro","Lazio"," ","Serie A"
"115","Sauli Vaisanen","SPAL","500000","Serie A"
"116","Marcello Trotta","Crotone"," ","Serie A"
"117","Francesco Orlando","Lazio"," ","Serie A"
"118","Marcel Buchel","Verona"," ","Serie A"
"119","Francesco Cassata","Sassuolo","4464905","Serie A"
"120","Jordan Veretout","Fiorentina","6257895","Serie A"
"121","Pa Konate","SPAL","250000","Serie A"
"122","Alberto Grassi","SPAL"," ","Serie A"
"123","Filippo Romagna","Cagliari","6799560","Serie A"
"124","Dario del Fabro","Juventus","4026055","Serie A"
"125","Bram Nuytinck","Udinese","2700000","Serie A"
"126","Edoardo Goldaniga","Sassuolo","4474280","Serie A"
"127","Marson","Sassuolo"," ","Serie A"
"128","Marco Silvestri","Verona"," ","Serie A"
"129","Matías Vecino","Inter","21510000","Serie A"
"130","Felipe Caicedo","Lazio","2200000","Serie A"
"131","Alex Meret","SPAL"," ","Serie A"
"132","Riad Bajic","Udinese","4496800","Serie A"
"133","Arlind Ajeti","Crotone"," ","Serie A"
"134","Gastón Ramírez","Sampdoria","9937675","Serie A"
"135","Gianmarco Ferrari","Sampdoria"," ","Serie A"
"136","Saphir Taïder","Bologna","3500000","Serie A"
"137","Raman Chibsah","Benevento","750000","Serie A"
"138","Bright Gyamfi","Benevento","250000","Serie A"
"139","Filip Helander","Bologna","1804735","Serie A"
"140","Nicolo Cherubin","Verona"," ","Serie A"
"141","Paolo Farago","Cagliari","2075450","Serie A"
"142","Marco Fossati","Verona","250000","Serie A"
"143","Filippo Costa","SPAL"," ","Serie A"
"144","Davide Faraoni","Crotone"," ","Serie A"
"145","Carlos Sánchez","Fiorentina","2500000","Serie A"
"146","Sebastián Cristoforo","Fiorentina","2100000","Serie A"
"147","Maximiliano Olivera","Fiorentina"," ","Serie A"
"148","Andrej Galabinov","Genoa"," ","Serie A"
"149","Rodrigo Bentancur","Juventus","9023680","Serie A"
"150","Simone Palombi","Lazio","250000","Serie A"
"151","Juan Jesus","Roma","6800000","Serie A"
"152","Antonin Barak","Udinese","2500000","Serie A"
"153","Nicolas N'Koulou","Torino"," ","Serie A"
"154","Rolando Mandragora","Crotone"," ","Serie A"
"155","Marco Benassi","Fiorentina","9000000","Serie A"
"156","Dalbert Henrique","Inter","18000000","Serie A"
"157"," Valentin Eysseric","Fiorentina","3160000","Serie A"
"158","Marten De Roon","Atalanta","13000000","Serie A"
"159","Tomas Rincon","Torino"," ","Serie A"
"160","Valon Behrami","Udinese"," ","Serie A"
"161","Svante Ingelsson","Udinese","850000","Serie A"
"162","Gil Dias","Fiorentina"," ","Serie A"
"163","Blaise Matuidi","Juventus","18200000","Serie A"
"164","Giovanni Simeone","Fiorentina","13700000","Serie A"
"165","Francesco Migliore","Genoa"," ","Serie A"
"166","Ricardo Centurión","Genoa","3000000","Serie A"
"167","Umar Sadiq","Torino"," ","Serie A"
"168","Germán Pezzella","Fiorentina"," ","Serie A"
"169","Luca Rossettini","Genoa","1800000","Serie A"
"170","Rodrigo Palacio","Bologna"," ","Serie A"
"171","Batuhan Altintas","Malatyaspor"," ","Serie A"
"172","Marco Borriello","SPAL"," ","Serie A"
"173","Bartosz Salamon","SPAL"," ","Serie A"
"174","Martín Cáceres","Verona"," ","Serie A"
"175","João Cancelo","Inter","32000000","Serie A"
"176","Nikola Kalinić","Milan"," ","Serie A"
"177","Federico Bonazzoli","SPAL"," ","Serie A"
"178","Gregory van der Wiel","Cagliari"," ","Serie A"
"179","Joachim Andersen","Sampdoria","1850000","Serie A"
"180","Vincent Laurini","Fiorentina","332000","Serie A"
"181","Petar Brlek","Genoa","2000000","Serie A"
"182","Rogerio","Sassuolo"," ","Serie A"
"183","Jens Stryger Larsen","Udinese"," ","Serie A"
"184","Ledian Memushaj","Benevento"," ","Serie A"
"185","Patrik Schick","Roma","4600000","Serie A"
"186","Lorenzo Bertini","Atalanta"," ","Serie A"
"187","Luca Vido","Atalanta"," ","Serie A"
"188","Alberto Grassi","Napoli"," ","Serie A"
"189","Anthony Mounier","Bologna"," ","Serie A"
"190","Alessandro Bastoni","Inter","8300000","Serie A"
"191","Benedikt Höwedes","Juventus"," ","Serie A"
"192","Alberto Brignoli","Benevento"," ","Serie A"
"193","Andrew Gravillon","Benevento","1350000","Serie A"
"194","Alessio Cragno","Cagliari"," ","Serie A"
"195","Ricardo Bagadur","Fiorentina"," ","Serie A"
"196","Lorenzo Venuti","Fiorentina"," ","Serie A"
"197","Marko Pajac","Cagliari"," ","Serie A"
"198","Filippo Falco","Bologna"," ","Serie A"
"199","Cyril Thereau","Fiorentina","1380000","Serie A"
"200","Alessandro Bastoni","Atalanta"," ","Serie A"
"201","César Falletti","Bologna"," ","Serie A"
"202","Felipe Avenatti","Bologna"," ","Serie A"
"203","Federico Viviani","Verona"," ","Serie A"
"204","Umar Sadiq","Roma"," ","Serie A"
"205","Leonardo Pavoletti","Cagliari"," ","Serie A"
"206","Gabriel","Milan"," ","Serie A"
"207","Panagiotis Tachtsidis","Torino"," ","Serie A"
"208","Rodrigo Guth","Atalanta","645000","Serie A"
"209","Paweł Jaroszyński","Chievo","369000","Serie A"
"210","Nicolás Spolli","Genoa"," ","Serie A"
"211","Mariano Izco","Crotone"," ","Serie A"
"212","Jonathan de Guzmán","Napoli"," ","Serie A"
"213","Serge Gakpé","Genoa"," ","Serie A"
"214","Giovanni Crociata","Crotone","400000","Serie A"
"215","Aleandro Rosi","Genoa"," ","Serie A"
"216","Gianmarco Ferrari","Sassuolo"," ","Serie A"
"217","Leonardo Capezzi","Sampdoria"," ","Serie A"
"218","Lorenzo Crisetig","Bologna"," ","Serie A"
"219","Diego Falcinelli","Sassuolo"," ","Serie A"
"220","Cristiano Biraghi","Fiorentina"," ","Serie A"
"221","Martin Graiciar","Fiorentina","1350000","Serie A"
"222","Dusan Vlahovic","Fiorentina"," ","Serie A"
"223","Lee Seung-woo","Verona","1380000","Serie A"
"224","Matías Fernández","Fiorentina"," ","Serie A"
"225","Stephane Omeonga","Genoa","460000","Serie A"
"226","Thomas Rodríguez","Genoa","507000","Serie A"
"227","Danilo Cataldi","Lazio"," ","Serie A"
"228","Franco Zuculini","Verona"," ","Serie A"
"229","Alex Ferrari","Verona"," ","Serie A"
"230","Deian Boldor","Bologna"," ","Serie A"
"231","Simone Ganz","Juventus"," ","Serie A"
"232","Nani","Lazio"," ","Serie A"
"233","Marco Tumminello","Crotone"," ","Serie A"
"234","Jens Odgaard","Inter"," ","Serie A"
"235","Nenad Tomovic","Chievo"," ","Serie A"
"236","Maxi López","Udinese"," ","Serie A"
"237","M'Baye Niang","Torino"," ","Serie A"
"238","Nicolás Burdisso","Torino"," ","Serie A"
"239","Yann Karamoh","Inter"," ","Serie A"
"240","Luca Antei","Benevento"," ","Serie A"
"241","Pietro Iemmello","Benevento"," ","Serie A"
"242","Mariusz Stepinski","Chievo"," ","Serie A"
"243","Duván Esteban Zapata","Sampdoria"," ","Serie A"
"244","Ivan Strinic","Sampdoria","1840000","Serie A"
"245","Federico Ricci","Genoa"," ","Serie A"
"246","Cristian Ansaldi","Torino"," ","Serie A"
"247","Moise Kean","Verona"," ","Serie A"
"248","Roberto Inglese","Napoli","11050000","Serie A"
"249","Roberto Inglese","Chievo"," ","Serie A"
"250","Asmir Begovic","Bournemouth","10000000","Premier League"
"251","Sead Kolasinac","Arsenal","0","Premier League"
"252","Jon Flanagan","Liverpool","0","Premier League"
"253","Dominic Solanke","Liverpool","0","Premier League"
"254","Jordan Pickford","Everton","25000000","Premier League"
"255","Davy Klaassen","Everton","23670000","Premier League"
"256","Tom Cleverley","Watford","8000000","Premier League"
"257","Sam Hughes","Leicester City"," ","Premier League"
"258","Harry Maguire","Leicester City","17000000","Premier League"
"259","Bernardo Silva","Manchester City","43600000","Premier League"
"260","Ederson","Manchester City","34900000","Premier League"
"261","Victor Lindelof","Manchester United","31000000","Premier League"
"262","Darren Fletcher","Stoke City","0","Premier League"
"263","Pablo Zabaleta","West Ham United","0","Premier League"
"264","Allan","Liverpool"," ","Premier League"
"265","Baba Rahman","Chelsea"," ","Premier League"
"266","Pascal Gross","Brighton","2640000","Premier League"
"267","Josh Kerr","Brighton"," ","Premier League"
"268","Mathew Ryan","Brighton","5290000","Premier League"
"269","Nathangelo Markelo","Everton"," ","Premier League"
"270","Christian Atsu","Newcastle United","6000000","Premier League"
"271","Sven Kums","Watford"," ","Premier League"
"272","Michael Hector","Chelsea"," ","Premier League"
"273","Guillermo Valera","Manchester United"," ","Premier League"
"274","Bojan Krkic","Stoke City"," ","Premier League"
"275","Mohamed Salah","Liverpool","36900000","Premier League"
"276","Laurent Depoitre","Huddersfield Town","4400000","Premier League"
"277","Will Hughes","Watford","8000000","Premier League"
"278","Rubén Sobrino","Manchester City"," ","Premier League"
"279","Erwin Mulder","Swansea City"," ","Premier League"
"280","Jermain Defoe","Bournemouth"," ","Premier League"
"281","Nathan Aké","Bournemouth","20000000","Premier League"
"282","Aaron Mooy","Huddersfield Town","8000000","Premier League"
"283","Bafétimbi Gomis","Swansea City"," ","Premier League"
"284","Henry Onyekuru","Everton","7000000","Premier League"
"285","Jonas Lössl","Huddersfield Town"," ","Premier League"
"286","Antonio Rüdiger","Chelsea","28952280","Premier League"
"287","Daniel Bachmann","Watford"," ","Premier League"
"288","Kiko Femenía","Watford"," ","Premier League"
"289","Ethan Ampadu","Chelsea"," ","Premier League"
"290","Jan Bednarek ","Southampton","5700000","Premier League"
"291","Willy Caballero","Chelsea"," ","Premier League"
"292","Jay Rodriguez","West Bromwich Albion","12000000","Premier League"
"293","Yuning Zhang","West Bromwich Albion"," ","Premier League"
"294","Sandro Ramírez","Everton","5300000","Premier League"
"295","Michael Keane","Everton","25000000","Premier League"
"296","Florian Lejeune","Newcastle United","8700000","Premier League"
"297","Vicente Iborra","Leicester City","12300000","Premier League"
"298","Connor Mahoney","Bournemouth"," ","Premier League"
"299","Tammy Abraham","Swansea City"," ","Premier League"
"300","Tom Ince","Huddersfield Town","8000000","Premier League"
"301","Kasey Palmer","Huddersfield Town"," ","Premier League"
"302","Steve Mounié","Huddersfield Town","11450000","Premier League"
"303","Danny Williams","Huddersfield Town"," ","Premier League"
"304","Josh Tymon","Stoke City"," ","Premier League"
"305","Alexandre Lacazette","Arsenal","46000000","Premier League"
"306","Boris Mathis","Everton"," ","Premier League"
"307","Scott Malone ","Huddersfield Town","3500000","Premier League"
"308","Roque Mesa","Swansea City","11000000","Premier League"
"309","Charlie Taylor","Burnley"," ","Premier League"
"310","Josef Varney","Newcastle United"," ","Premier League"
"311","Stefan O'Connor","Newcastle United"," ","Premier League"
"312","Mathias Jorgensen","Huddersfield Town","2000000","Premier League"
"313","Jonathan Walters","Burnley","3000000","Premier League"
"314","Josh Bowler","Everton"," ","Premier League"
"315","Wayne Rooney","Everton"," ","Premier League"
"316","Romelu Lukaku","Manchester United","75000000","Premier League"
"317","James Rodríguez","Bayern Munich"," ","Premier League"
"318","Jack Cork","Burnley","8000000","Premier League"
"319","Ruben Loftus-Cheek","Crystal Palace"," ","Premier League"
"320","Anton Donkor","Everton"," ","Premier League"
"321","Ben Pierce","West Bromwich Albion"," ","Premier League"
"322","Tiémoué Bakayoko","Chelsea","39700000","Premier League"
"323","Markus Suttner","Brighton","3500000","Premier League"
"324","Kyle Walker","Manchester City","50000000","Premier League"
"325","Nathaniel Chalobah","Watford","5000000","Premier League"
"326","Douglas Luiz ","Manchester City","10000000","Premier League"
"327","Tre Pemberton","Stoke City"," ","Premier League"
"328","Marc Walsh","Swansea City"," ","Premier League"
"329","Ahmed Hegazi","West Bromwich Albion"," ","Premier League"
"330","Jairo Riedewald","Crystal Palace","7900000","Premier League"
"331","Eliaquim Mangala","Manchester City"," ","Premier League"
"332","Mario Suárez","Watford"," ","Premier League"
"333","Samir Nasri","Manchester City"," ","Premier League"
"334","Cian Harries ","Swansea City","500000","Premier League"
"335","Eldin Jakupovic","Leicester City","2000000","Premier League"
"336","Danilo","Manchester City","26500000","Premier League"
"337","Marko Arnautovic","West Ham United","20000000","Premier League"
"338","Andrew Robertson","Liverpool","8000000","Premier League"
"339","Mathias Normann","Brighton","1250000","Premier League"
"340","Javier Hernández","West Ham United","16000000","Premier League"
"341","Javier Manquillo","Newcastle United","4500000","Premier League"
"342","Kurt Zouma","Stoke City"," ","Premier League"
"343","Álvaro Morata","Chelsea","58000000","Premier League"
"344","Benjamin Mendy","Manchester City","52000000","Premier League"
"345","Izzy Brown","Brighton"," ","Premier League"
"346","Phil Bardsley","Burnley","2000000","Premier League"
"347","Mikel Merino","Newcastle United"," ","Premier League"
"348","Nemanja Matic","Manchester United","40000000","Premier League"
"349","Steven Alzate","Brighton"," ","Premier League"
"350","Lewis Gibson","Everton"," ","Premier League"
"351","Joe Hart","West Ham United"," ","Premier League"
"352","Kelechi Iheanacho","Leicester City","25000000","Premier League"
"353","Andreas Christensen","Chelsea"," ","Premier League"
"354","Philipp Wollscheid","Stoke City"," ","Premier League"
"355","Ales Mateju","Brighton","1500000","Premier League"
"356","Timothy Fosu-Mensah","Crystal Palace"," ","Premier League"
"357","Davy Pröpper","Brighton","12660000","Premier League"
"358","Sead Haksabanovic","West Ham United","3000000","Premier League"
"359","George Thomas","Leicester City"," ","Premier League"
"360","Richarlison","Watford","11500000","Premier League"
"361","Adam Legzdins","Burnley"," ","Premier League"
"362","Mario Lemina","Southampton","16300000","Premier League"
"363","Eric Maxim Choupo-Moting","Stoke City","0","Premier League"
"364","Andre Gray","Watford","18500000","Premier League"
"365","Jose Izquierdo","Brighton","13500000","Premier League"
"366","Bruno Martins Indi","Stoke City","7000000","Premier League"
"367","Gareth Barry","West Bromwich Albion","1000000","Premier League"
"368","Gylfi Sigurdsson","Everton","45000000","Premier League"
"369","Soufyan Ahannach","Brighton"," ","Premier League"
"370","Jesé Rodríguez","Stoke City"," ","Premier League"
"371","Joselu","Newcastle United","5000000","Premier League"
"372","Larry Kayode","Manchester City","3500000","Premier League"
"373","Davinson Sánchez","Tottenham Hotspur","42000000","Premier League"
"374","Chris Wood","Burnley","15000000","Premier League"
"375","Sam Clucas","Swansea City","15000000","Premier League"
"376","Wesley Hoedt","Southampton","15000000","Premier League"
"377","Abdelhamid Sabiri","Huddersfield Town","1000000","Premier League"
"378","Paulo Gazzaniga","Tottenham Hotspur","2000000","Premier League"
"379","Florent Hadergjonaj","Huddersfield Town"," ","Premier League"
"380","Zlatan Ibrahimovic","Manchester United"," ","Premier League"
"381","Oliver Burke","West Bromwich Albion","15000000","Premier League"
"382","Jack Rose","Southampton"," ","Premier League"
"383","André Carrillo","Watford"," ","Premier League"
"384","Dimitri Foulquier","Watford"," ","Premier League"
"385","Robert Green","Huddersfield Town"," ","Premier League"
"386","Naby Keïta","Liverpool"," ","Premier League"
"387","Kevin Wimmer","Stoke City","18000000","Premier League"
"388","Kieran Gibbs","West Bromwich Albion","7000000","Premier League"
"389","Juan Foyth","Tottenham Hotspur","9000000","Premier League"
"390","Grzegorz Krychowiak","West Bromwich Albion"," ","Premier League"
"391","Alex Oxlade-Chamberlain","Liverpool","35000000","Premier League"
"392","Serge Aurier","Tottenham Hotspur","23000000","Premier League"
"393","Orestis Karnezis","Watford"," ","Premier League"
"394","Renato Sanches","Swansea City"," ","Premier League"
"395","Nahki Wells","Burnley","5000000","Premier League"
"396","Olivier Ntcham","Manchester City"," ","Premier League"
"397","Kylian Hazard","Chelsea"," ","Premier League"
"398","Ezequiel Schelotto","Brighton","2770000","Premier League"
"399","Molla Wague","Watford"," ","Premier League"
"400","Nikola Vlasic","Everton","9000000","Premier League"
"401","Marvin Zeegelaar","Watford","2760000","Premier League"
"402","Kyle Jameson","West Bromwich Albion"," ","Premier League"
"403","Davide Zappacosta","Chelsea","25750000","Premier League"
"404","Aleksandar Dragovic","Leicester City"," ","Premier League"
"405","Tim Krul","Brighton"," ","Premier League"
"406","Fernando Llorente","Tottenham Hotspur","12000000","Premier League"
"407","Wilfried Bony","Swansea City","12000000","Premier League"
"408","Danny Drinkwater","Chelsea","35000000","Premier League"
"409","Mamadou Sakho","Crystal Palace","26000000","Premier League"
"410","Youri Tielemans","Monaco","21600000","Ligue 1"
"411","Benoît Costil","Bordeaux","0","Ligue 1"
"412","Jean-Luc Dompé","Amiens"," ","Ligue 1"
"413","Junior Tallo","Lille"," ","Ligue 1"
"414","Goran Karanovic","Angers"," ","Ligue 1"
"415","Yoane Wissa","Angers"," ","Ligue 1"
"416","Enzo Crivelli","Bordeaux"," ","Ligue 1"
"417","Lukas Lerager","Bordeaux","2640000","Ligue 1"
"418","Frédéric Guilbert","Bordeaux"," ","Ligue 1"
"419","Christian Kouakou","Caen"," ","Ligue 1"
"420","Florian Le Joncour","Bordeaux"," ","Ligue 1"
"421","Jordan Nkololo","Caen"," ","Ligue 1"
"422","Jordan Tell","Rennes","0","Ligue 1"
"423","Jean-Victor Makengo","Nice"," ","Ligue 1"
"424","Eden Massouema","Dijon"," ","Ligue 1"
"425","Pierre Lees-Melou","Nice","1760000","Ligue 1"
"426","Marvin Martin","Lille"," ","Ligue 1"
"427","Diego Benaglio","Monaco"," ","Ligue 1"
"428","Steven Fortes","Toulouse"," ","Ligue 1"
"429","Kenny Lala","Strasbourg"," ","Ligue 1"
"430","Pablo Martinez","Strasbourg"," ","Ligue 1"
"431","Faitout Maouassa","Rennes","6150000","Ligue 1"
"432","Hamari Traoré","Rennes","1750000","Ligue 1"
"433","Benjamin Bourigeaud","Rennes","2640000","Ligue 1"
"434","Adrien Tameze","Nice","700000","Ligue 1"
"435","Ruben Aguilar","Montpellier"," ","Ligue 1"
"436","Jordi Mboula","Monaco","2600000","Ligue 1"
"437","Soualiho Meïté","Monaco","7000000","Ligue 1"
"438","Jordy Gaspar","Monaco"," ","Ligue 1"
"439","Brighton Labeau","Amiens"," ","Ligue 1"
"440","Nicolas Pépé","Lille","8800000","Ligue 1"
"441","Pedro Rebocho","Guingamp","480000","Ligue 1"
"442","Lebogang Phiri","Guingamp","0","Ligue 1"
"443","Fernando Marçal","Lyon","3900000","Ligue 1"
"444","Mathieu Bodmer","Amiens"," ","Ligue 1"
"445","Luiz Araujo","Lille","8800000","Ligue 1"
"446","Baptiste Guillaume","Angers","1750000","Ligue 1"
"447","Stef Peeters","Caen","1300000","Ligue 1"
"448","Felix Eboa Eboa","Guingamp"," ","Ligue 1"
"449","Hervé Koffi","Lille"," ","Ligue 1"
"450","Rony Lopes","Monaco"," ","Ligue 1"
"451","Zinédine Machach","Toulouse"," ","Ligue 1"
"452","Moussa Niakhaté","Metz","440000","Ligue 1"
"453","Ibrahima Niane","Metz"," ","Ligue 1"
"454","Mathieu Deplagne","Troyes"," ","Ligue 1"
"455","Yacouba Sylla","Rennes"," ","Ligue 1"
"456","Aldo Kalulu","Lyon"," ","Ligue 1"
"457","Baptiste Guillaume","Lille"," ","Ligue 1"
"458","Odsonne Edouard","Paris Saint-Germain"," ","Ligue 1"
"459","Abdoul Camara","Guingamp"," ","Ligue 1"
"460","Oswaldo Vizcarrondo","Troyes"," ","Ligue 1"
"461","Valère Germain","Marseille","7000000","Ligue 1"
"462","Alexandre Mendy","Bordeaux","510000","Ligue 1"
"463","Bryan Pelé","Troyes"," ","Ligue 1"
"464","Bertrand Traoré","Lyon","8800000","Ligue 1"
"465","Enzo Crivelli","Angers","3500000","Ligue 1"
"466","Franck Tabanou","Guingamp"," ","Ligue 1"
"467","Gabriel","Troyes"," ","Ligue 1"
"468","Adama Mbengue","Caen"," ","Ligue 1"
"469","Jean-Christophe Bouet","Amiens"," ","Ligue 1"
"470","Benjamin Lecomte","Montpellier"," ","Ligue 1"
"471","Jonathan Bamba","Saint-Etienne"," ","Ligue 1"
"472","Cédric Yambéré","Dijon"," ","Ligue 1"
"473","Marc-Aurèle Caillard","Guingamp"," ","Ligue 1"
"474","Youssouf Sabaly","Bordeaux","3500000","Ligue 1"
"475","Ferland Mendy","Lyon","4400000","Ligue 1"
"476","Mariano Díaz","Lyon","7016095","Ligue 1"
"477","Prince Gouano","Amiens"," ","Ligue 1"
"478","Madih Talal","Amiens"," ","Ligue 1"
"479","Brice Samba","Caen"," ","Ligue 1"
"480","Joris Kayembe","Nantes"," ","Ligue 1"
"481","Corentin Jean","Monaco"," ","Ligue 1"
"482","Corentin Jean","Toulouse","3500000","Ligue 1"
"483","Terence Kongolo","Monaco","11400000","Ligue 1"
"484","Baïssama Sankoh","Caen"," ","Ligue 1"
"485","Luiz Gustavo","Marseille","7000000","Ligue 1"
"486","François Bellugou","Troyes"," ","Ligue 1"
"487","Wilfired Kanga","Angers"," ","Ligue 1"
"488","Chidozie Awaziem","Nantes"," ","Ligue 1"
"489","Marcus Thuram","Guingamp"," ","Ligue 1"
"490","Angelo Fulgini","Angers","1230000","Ligue 1"
"491","Lassana Coulibaly","Angers","3500000","Ligue 1"
"492","Florian Thauvin","Marseille","9000000","Ligue 1"
"493","Jonathan Ikoné","Montpellier"," ","Ligue 1"
"494","Saidy Janko","Saint-Etienne"," ","Ligue 1"
"495","Yuri Berchiche","Paris Saint-Germain","13200000","Ligue 1"
"496","Loïs Diony","Saint-Etienne","4250000","Ligue 1"
"497","Kévin Malcuit","Lille","7100000","Ligue 1"
"498","Wesley Lautoa","Dijon","1300000","Ligue 1"
"499","Wesley Saïd","Dijon","1330000","Ligue 1"
"500","Brandon Thomas Llamas","Rennes","2660000","Ligue 1"
"501","Kenny Tete","Lyon","3500000","Ligue 1"
"502","Cheikh Traoré","Guingamp"," ","Ligue 1"
"503","Ezequiel Ponce","Lille"," ","Ligue 1"
"504","Gaël Kakuta","Amiens"," ","Ligue 1"
"505","Alvaro Fernandez Llorente","Monaco"," ","Ligue 1"
"506","Ablie Jallow","Metz"," ","Ligue 1"
"507","Steve Mandanda","Marseille","1750000","Ligue 1"
"508","Kévin Bérigaud ","Montpellier"," ","Ligue 1"
"509","Alexander Djiku","Caen","1780000","Ligue 1"
"510","Benjamin Jeannot","Dijon"," ","Ligue 1"
"511","Dani Alves","Paris Saint-Germain"," ","Ligue 1"
"512","Adil Rami","Marseille","5300000","Ligue 1"
"513","Marcelo Guedes","Lyon","6604136","Ligue 1"
"514","Clément Chantôme","Strasbourg"," ","Ligue 1"
"515","Bingourou Kamara","Strasbourg"," ","Ligue 1"
"516","Thiago Mendes","Lille","7650000","Ligue 1"
"517","Clinton N'Jie","Marseille","6140000","Ligue 1"
"518","Sekou Baradji","Amiens"," ","Ligue 1"
"519","Vukasin Jovanovic","Bordeaux","2500000","Ligue 1"
"520","Pedro Mendes","Montpellier","2500000","Ligue 1"
"521","Giovanni Sio","Montpellier","4500000","Ligue 1"
"522","Christophe Jallet","Nice"," ","Ligue 1"
"523","Nolan Roux","Metz"," ","Ligue 1"
"524","Idriss Saadi","Strasbourg"," ","Ligue 1"
"525","Naim Sliti","Dijon"," ","Ligue 1"
"526","Thiago Maia","Lille","12515600","Ligue 1"
"527","Saîf-Eddine Khaoui","Troyes"," ","Ligue 1"
"528","Jonas Martin","Strasbourg","2227262","Ligue 1"
"529","Yannick Cahuzac","Toulouse"," ","Ligue 1"
"530","Ismaïla Sarr","Rennes","15124082","Ligue 1"
"531","Ciprian Tatarusanu","Nantes","2670000","Ligue 1"
"532","Nicolas Pallois","Nantes","1787850","Ligue 1"
"533","Frédéric Guilbert","Caen","1878825","Ligue 1"
"534","Facundo Piriz","Montpellier"," ","Ligue 1"
"535","Assane Dioussé","Saint-Etienne","4479735","Ligue 1"
"536","Adama Diakhaby","Monaco","9000000","Ligue 1"
"537","Cafú","Metz","2000000","Ligue 1"
"538","Neymar","Paris Saint-Germain","198000000","Ligue 1"
"539","Issa Cissokho","Amiens"," ","Ligue 1"
"540","Saliou Ciss","Angers"," ","Ligue 1"
"541","Puyo","Angers"," ","Ligue 1"
"542","Fodé Ballo-Touré","Lille"," ","Ligue 1"
"543","Edgar Ié","Lille","4508000","Ligue 1"
"544","Quentin Beunardeau","Metz"," ","Ligue 1"
"545","Gerónimo Poblete","Metz"," ","Ligue 1"
"546","Nuno da Costa","Strasbourg"," ","Ligue 1"
"547","Benjamin Corgnet","Strasbourg"," ","Ligue 1"
"548","Wesley Sneijder","Nice"," ","Ligue 1"
"549","Allan Saint-Maximin","Nice","9050000","Ligue 1"
"550","Hernani","Saint-Etienne"," ","Ligue 1"
"551","Jonathan Cafu","Bordeaux","6360000","Ligue 1"
"552","Otávio","Bordeaux","4500000","Ligue 1"
"553","Gabriel Silva","Saint-Etienne","2000000","Ligue 1"
"554","Jordan Amavi","Marseille"," ","Ligue 1"
"555","Moussa Konaté","Amiens"," ","Ligue 1"
"556","Andrei Girotto","Nantes","1000000","Ligue 1"
"557","Aït Bennasser","Caen"," ","Ligue 1"
"558","Max Gradel","Toulouse"," ","Ligue 1"
"559","Yassine El-Ghanassy","Nantes","1361775","Ligue 1"
"560","Jan Repas","Caen","1361530","Ligue 1"
"561","Martin Terrier","Strasbourg"," ","Ligue 1"
"562","Kalifa Coulibaly","Nantes","2750000","Ligue 1"
"563","Braima Fati","Saint-Etienne"," ","Ligue 1"
"564","Junior Sambia","Montpellier"," ","Ligue 1"
"565","Brian Fernández","Metz"," ","Ligue 1"
"566","Emmanuel Rivière","Metz","500000","Ligue 1"
"567","Dimitri Foulquier","Strasbourg"," ","Ligue 1"
"568","Rene Krhin","Nantes"," ","Ligue 1"
"569","Bakary Koné","Strasbourg"," ","Ligue 1"
"570","Tomas Koubek","Rennes","1851000","Ligue 1"
"571","Stefan Jovetic","Monaco","10000000","Ligue 1"
"572","Keita Baldé","Monaco"," ","Ligue 1"
"573","Philipp Wollscheid","Metz"," ","Ligue 1"
"574","Serge Gakpé","Amiens"," ","Ligue 1"
"575","Aymen Abdennour","Marseille"," ","Ligue 1"
"576","Hyun-Jun Suk","Troyes"," ","Ligue 1"
"577","Gianni Imbula","Toulouse"," ","Ligue 1"
"578","Lacina Traoré","Amiens"," ","Ligue 1"
"579","Denis Petric ","Guingamp"," ","Ligue 1"
"580","Danilo Avelar","Amiens"," ","Ligue 1"
"581","Matheus Pereira","Bordeaux"," ","Ligue 1"
"582","Papy Djilobodji","Dijon"," ","Ligue 1"
"583","Kylian Mbappé","Paris Saint-Germain"," ","Ligue 1"
"584","Rémy Cabella","Saint-Etienne"," ","Ligue 1"
"585","Nampalys Mendy","Nice"," ","Ligue 1"
"586","Tanguy Ndombélé","Lyon","10130000","Ligue 1"
"587","Wahbi Khazri","Rennes"," ","Ligue 1"
"588","Xeka","Dijon"," ","Ligue 1"
"589","Nathan","Amiens"," ","Ligue 1"
"590","Kostas Mitroglou","Marseille","13810000","Ligue 1"
"591","Thomas Touré","Angers","1530000","Ligue 1"
"592","Vinícius Júnior ","Real Madrid","39600000","La Liga"
"593","Diego López","Espanyol","0","La Liga"
"594","Enes Unal","Villarreal","12000000","La Liga"
"595","Cristian Tello","Barcelona"," ","La Liga"
"596","Guilherme","Deportivo La Coruña","3530000","La Liga"
"597","Rubén Duarte","Alavés","350000","La Liga"
"598","Héctor Hernández","Alavés"," ","La Liga"
"599","Gorka Iraizoz","Girona"," ","La Liga"
"600","Leo Baptistão","Espanyol","3100000","La Liga"
"601","Sergio León","Real Betis","3100000","La Liga"
"602","Yoel","Eibar","660000","La Liga"
"603","Iván Alejo","Eibar","265000","La Liga"
"604","Pablo Piatti","Espanyol","1300000","La Liga"
"605","Javi Varas","Granada"," ","La Liga"
"606","Antonio Puertas","Granada"," ","La Liga"
"607","Ximo Navarro","Las Palmas"," ","La Liga"
"608","Raúl García","Leganés"," ","La Liga"
"609","Dimitris Siovas","Leganés","2380000","La Liga"
"610","Tito","Leganés"," ","La Liga"
"611","Sergio García","Espanyol"," ","La Liga"
"612","Adrián González","Málaga"," ","La Liga"
"613","Luciano Vietto","Atlético Madrid"," ","La Liga"
"614","Andrés Fernández","Villarreal","1750000","La Liga"
"615","Rubén Semedo","Villarreal","12300000","La Liga"
"616","Carles Planas","Girona"," ","La Liga"
"617","Jesus Vallejo","Real Madrid"," ","La Liga"
"618","Fede Valverde","Deportivo La Coruña"," ","La Liga"
"619","Maxi Gómez","Celta Vigo","3520000","La Liga"
"620","Diego Llorente","Real Sociedad","6150000","La Liga"
"621","Ermedin Demirovic","Alavés"," ","La Liga"
"622","Antonio Luna","Levante"," ","La Liga"
"623","Marko Dmitrovic","Eibar","620000","La Liga"
"624","Éver Banega","Sevilla","8000000","La Liga"
"625","Marcos Llorente","Real Madrid"," ","La Liga"
"626","Víctor Camarasa","Levante"," ","La Liga"
"627","Adrián Ortolá","Barcelona"," ","La Liga"
"628","Deyverson","Levante"," ","La Liga"
"629","Theo Hernández","Atlético Madrid"," ","La Liga"
"630","Dani Pacheco","Getafe"," ","La Liga"
"631","Víctor Camarasa","Real Betis","6150000","La Liga"
"632","Enzo Zidane","Alavés"," ","La Liga"
"633","Gerard Deulofeu","Barcelona","10000000","La Liga"
"634","Cristian Tello","Real Betis","3509335","La Liga"
"635","Nemanja Maksimovic","Valencia"," ","La Liga"
"636","Jérémie Porsan-Clémenté","Montpellier"," ","La Liga"
"637","Paul Baysse","Málaga"," ","La Liga"
"638","Joseba Zaldua","Leganés"," ","La Liga"
"639","Charles Días de Oliveira","Eibar"," ","La Liga"
"640","Borja Bastón","Málaga"," ","La Liga"
"641","Jozabed","Celta Vigo","3000000","La Liga"
"642","Theo Hernández","Real Madrid","22800000","La Liga"
"643","Roberto Jiménez","Málaga"," ","La Liga"
"644","Alfonso Pedraza ","Alavés"," ","La Liga"
"645","Antonio Barragán","Real Betis"," ","La Liga"
"646","Rubén Sobrino","Alavés","1750000","La Liga"
"647","Pablo Hervías","Eibar"," ","La Liga"
"648","Francisco Portillo","Getafe","1300000","La Liga"
"649","Ángel Rodríguez","Getafe","530000","La Liga"
"650","Chuli","Getafe","615000","La Liga"
"651","Leandro Chichizola","Las Palmas"," ","La Liga"
"652","Jordi Amat","Real Betis"," ","La Liga"
"653","Andrés Guardado","Real Betis","1750000","La Liga"
"654","Esteban Granero","Espanyol"," ","La Liga"
"655","Neto","Valencia","6189253","La Liga"
"656","Bernardo Espinosa","Girona"," ","La Liga"
"657","Guillermo Maripán","Alavés"," ","La Liga"
"658","José Aurelio Suárez","Girona"," ","La Liga"
"659","Guido Pizarro","Sevilla","5300000","La Liga"
"660","Luis Muriel","Sevilla","17650000","La Liga"
"661","Vitinho","Barcelona"," ","La Liga"
"662","Vitolo","Atlético Madrid","31800000","La Liga"
"663","Vitolo","Las Palmas"," ","La Liga"
"664","Adnan Januzaj","Real Sociedad","9800000","La Liga"
"665","Hernán Toledo","Las Palmas"," ","La Liga"
"666","Jonathan Calleri","Las Palmas"," ","La Liga"
"667","Sébastien Corchia","Sevilla","4250000","La Liga"
"668","Nélson Semedo","Barcelona","26450000","La Liga"
"669","Dani Ceballos","Real Madrid","14500000","La Liga"
"670","Zakaria Bakkali","Deportivo La Coruña"," ","La Liga"
"671","Mario Hermoso","Espanyol","250000","La Liga"
"672","Joan Jordán","Eibar","85000","La Liga"
"673","Nolito","Sevilla","7883112","La Liga"
"674","Stanislav Lobotka","Celta Vigo","1000000","La Liga"
"675","Paulo Oliveira","Eibar","3500000","La Liga"
"676","Wakaso Mubarak","Alavés"," ","La Liga"
"677","Santos Borré","Atlético Madrid"," ","La Liga"
"678","Simone Zaza","Valencia","15800000","La Liga"
"679","Fabián Orellana","Valencia","2640000","La Liga"
"680","Munir El Haddadi","Barcelona"," ","La Liga"
"681","Guilherme Siqueira","Atlético Madrid"," ","La Liga"
"682","Matías Kranevitter","Atlético Madrid"," ","La Liga"
"683","José Angel","Eibar"," ","La Liga"
"684","Markel Bergara","Getafe"," ","La Liga"
"685","Juankar","Málaga"," ","La Liga"
"686","Cenk Gonen","Málaga","900000","La Liga"
"687","Faycal Fajr","Getafe","1240000","La Liga"
"688","Vitorino Antunes","Getafe"," ","La Liga"
"689","FIlip Manojlovic","Getafe","1000000","La Liga"
"690","Cristhian Stuani","Girona","1500000","La Liga"
"691","Fabian Schär","Deportivo La Coruña","3589411","La Liga"
"692","Zdravko Kuzmanovic","Málaga"," ","La Liga"
"693","Pablo Fornals","Villarreal","10718137","La Liga"
"694","Ivan Cuellar","Leganés"," ","La Liga"
"695","Javier Eraso","Leganés"," ","La Liga"
"696","Djené","Getafe","893350","La Liga"
"697","Zouhair Feddal","Real Betis"," ","La Liga"
"698","Antonio Sivera","Alavés","1783355","La Liga"
"699","Emiliano Velázquez","Getafe"," ","La Liga"
"700","Emanuel Cecchini","Málaga","4448260","La Liga"
"701","Alberto Tendillo","Levante"," ","La Liga"
"702","Farid Boulaya","Girona"," ","La Liga"
"703","Alberto de la Bella","Real Sociedad"," ","La Liga"
"704","Douglas Luiz","Girona"," ","La Liga"
"705","Jesus Navas","Sevilla"," ","La Liga"
"706","Marlos Moreno","Girona"," ","La Liga"
"707","Aleix García","Girona"," ","La Liga"
"708","Pablo Maffeo","Girona"," ","La Liga"
"709","Simon Kjaer","Sevilla","11600000","La Liga"
"710","Emiliano Martínez ","Getafe"," ","La Liga"
"711","Rodrigo Ely","Alavés","2697450","La Liga"
"712","Rober Pier","Levante"," ","La Liga"
"713","Diego González","Málaga","1700000","La Liga"
"714","Borja Mayoral","Real Madrid"," ","La Liga"
"715","Ben Whitfield","Port Vale"," ","La Liga"
"716","Cheick Doukouré","Levante","1442560","La Liga"
"717","Burgui","Alavés","2500000","La Liga"
"718","Alex Alegria","Levante"," ","La Liga"
"719","Gerard Valentín","Deportivo La Coruña"," ","La Liga"
"720","Mauro dos Santos","Leganés"," ","La Liga"
"721","Àlvaro Jiménez","Getafe","850000","La Liga"
"722","Gaku Shibasaki","Getafe"," ","La Liga"
"723","Gerard Gumbau","Leganés"," ","La Liga"
"724","Nereo Champagne","Leganés"," ","La Liga"
"725","Ruben Pérez","Leganés"," ","La Liga"
"726","Enis Bardhi","Levante","1300000","La Liga"
"727","Rachid Ghezzal","Monaco"," ","La Liga"
"728","Kévin Soni","Girona"," ","La Liga"
"729","Tomás Pina","Alavés"," ","La Liga"
"730","Ivi","Levante","1358000","La Liga"
"731","Ezequiel Muñoz","Leganés","2000000","La Liga"
"732","Ryad Boudebouz","Real Betis","6300000","La Liga"
"733","Naldo","Espanyol","1810000","La Liga"
"734","Amath Ndiaye","Getafe"," ","La Liga"
"735","Adrián López","Deportivo La Coruña"," ","La Liga"
"736","Marc Muniesa","Girona"," ","La Liga"
"737","Paulinho","Barcelona","36400000","La Liga"
"738","Javi García","Real Betis","1300000","La Liga"
"739","Sasa Lukic","Levante"," ","La Liga"
"740","Emmanuel Boateng","Levante","1800000","La Liga"
"741","Carlos Bacca","Villarreal"," ","La Liga"
"742","Larry Kayode","Girona"," ","La Liga"
"743","Rubén Yáñez","Getafe"," ","La Liga"
"744","Rubén Yáñez","Cádiz"," ","La Liga"
"745","Gabriel","Valencia","10000000","La Liga"
"746","Johan Mojica","Girona"," ","La Liga"
"747","Jeison Murillo","Valencia"," ","La Liga"
"748","Geoffrey Kondogbia","Valencia","24600000","La Liga"
"749","Mohamed Cholay","Espanyol"," ","La Liga"
"750","Alberto Aquilani","Las Palmas"," ","La Liga"
"751","Ousmane Dembélé","Barcelona","96670000","La Liga"
"752","Nando","Alavés"," ","La Liga"
"753","Diego Rolán","Málaga"," ","La Liga"
"754","Sergi Samper","Las Palmas"," ","La Liga"
"755","Samu García","Levante"," ","La Liga"
"756","Pape Cheikh Diop","Lyon","9400000","La Liga"
"757","Mitchell Langerak","Levante","720000","La Liga"
"758","Emre Mor","Celta Vigo","11700000","La Liga"
"759","Lucas Pérez","Deportivo La Coruña"," ","La Liga"
"760","Lionel Carole","Sevilla"," ","La Liga"
"761","Bojan Krkic","Alavés"," ","La Liga"
"762","Sergi Darder","Espanyol"," ","La Liga"
"763","Joel Campbell","Real Betis"," ","La Liga"
"764","Nordin Amrabat","Leganés"," ","La Liga"
"765","Andreas Pereira","Valencia"," ","La Liga"
"766","Johannes Geis","Sevilla","1650000","La Liga"
"767","Gonçalo Guedes","Valencia"," ","La Liga"
"768","Nano","Levante"," ","La Liga"
"769","Costel Pantilimon","Deportivo La Coruña"," ","La Liga"
"770","Sergio Sánchez","Espanyol"," ","La Liga"
"771","José Naranjo","Leganés"," ","La Liga"
"772","Munir El Haddadi","Alavés"," ","La Liga"
"773","Loïc Rémy","Las Palmas"," ","La Liga"
"774","David Timor","Girona"," ","La Liga"
"775","Jefferson Montero","Getafe"," ","La Liga"
"776","Michael Olunga","Girona"," ","La Liga"
"777","Erick Cabaco","Levante"," ","La Liga"
"778","Oussama Tannane","Las Palmas"," ","La Liga"
"779","Álvaro Medrán","Alavés"," ","La Liga"
"780","Matthias Ostrzolek","Hannover 96","0","Bundesliga"
"781","Serge Gnabry","Bayern Munich","7000000","Bundesliga"
"782","Corentin Tolisso","Bayern Munich","36380000","Bundesliga"
"783","Niklas Süle","Bayern Munich","19290000","Bundesliga"
"784","Sebastian Rudy","Bayern Munich"," ","Bundesliga"
"785","Kingsley Coman","Bayern Munich","18410000","Bundesliga"
"786","Holger Badstuber","Bayern Munich"," ","Bundesliga"
"787","Bruma","RB Leipzig","10960000","Bundesliga"
"788","Ibrahima Konaté","RB Leipzig"," ","Bundesliga"
"789","Yvon Mvogo","RB Leipzig","4380000","Bundesliga"
"790","Nils Quaschner","RB Leipzig"," ","Bundesliga"
"791","Atinc Nukan","RB Leipzig"," ","Bundesliga"
"792","Massimo Bruno","RB Leipzig"," ","Bundesliga"
"793","Anthony Jung","RB Leipzig"," ","Bundesliga"
"794","Rani Khedira","Augsburg","0","Bundesliga"
"795","Davie Selke","Hertha Berlin","7000000","Bundesliga"
"796","Maximilian Philipp","Borussia Dortmund","17530000","Bundesliga"
"797","Dan-Axel Zagadou","Borussia Dortmund"," ","Bundesliga"
"798","Omer Toprak","Borussia Dortmund","10520000","Bundesliga"
"799","Mahmoud Dahoud","Borussia Dortmund","10520000","Bundesliga"
"800","Neven Subotic","Borussia Dortmund"," ","Bundesliga"
"801","Adrian Ramos","Borussia Dortmund"," ","Bundesliga"
"802","Pascal Stenzel","Freiburg","3500000","Bundesliga"
"803","Justin Hoogma","Hoffenheim","1750000","Bundesliga"
"804","Florian Grillitsch","Hoffenheim","0","Bundesliga"
"805","Havard Nordtveit","Hoffenheim","1760000","Bundesliga"
"806","Kevin Akpoguma","Hoffenheim"," ","Bundesliga"
"807","Baris Atik","Hoffenheim"," ","Bundesliga"
"808","Park In-hyeok ","Hoffenheim"," ","Bundesliga"
"809","Antonio Colak","Hoffenheim"," ","Bundesliga"
"810","Pirmin Schwegler","Hannover 96"," ","Bundesliga"
"811","Jannes Horn","FC Cologne","6170000","Bundesliga"
"812","Karim Rekik","Hertha Berlin","1940000","Bundesliga"
"813","Matthew Leckie","Hertha Berlin","2640000","Bundesliga"
"814","Marius Gersbeck","Hertha Berlin"," ","Bundesliga"
"815","John Brooks","Wolfsburg","17630000","Bundesliga"
"816","Florian Niederlechner","Freiburg","2030000","Bundesliga"
"817","Florian Kath","Freiburg"," ","Bundesliga"
"818","Jonas Meffert","Freiburg"," ","Bundesliga"
"819","Tim Kleindienst","Freiburg"," ","Bundesliga"
"820","Caleb Stanko","Freiburg"," ","Bundesliga"
"821","Sebastian Kerk","Freiburg"," ","Bundesliga"
"822","Vincenzo Grifo","Borussia Mönchengladbach","5290000","Bundesliga"
"823","Fabian Menig","Freiburg"," ","Bundesliga"
"824","Ludwig Augustinsson","Werder Bremen","4000000","Bundesliga"
"825","Jerome Gondorf","Werder Bremen","1060000","Bundesliga"
"826","Nabil Bentaleb","Schalke 04","16750000","Bundesliga"
"827","Yevhen Konoplyanka","Schalke 04","11000000","Bundesliga"
"828","Fabian Giefer","Augsburg","660000","Bundesliga"
"829","Jan Zimmermann","Eintracht Frankfurt"," ","Bundesliga"
"830","Marius Wolf","Eintracht Frankfurt"," ","Bundesliga"
"831","Carlos Salcedo","Eintracht Frankfurt"," ","Bundesliga"
"832","Sebastien Haller","Eintracht Frankfurt","7050000","Bundesliga"
"833","Danny da Costa","Eintracht Frankfurt","880000","Bundesliga"
"834","Gelson Fernandes","Eintracht Frankfurt","880000","Bundesliga"
"835","Dominik Kohr","Bayer Leverkusen","1760000","Bundesliga"
"836","Landry Dimata","Wolfsburg","8800000","Bundesliga"
"837","William","Wolfsburg","4400000","Bundesliga"
"838","Marvin Stefaniak","Wolfsburg","1320000","Bundesliga"
"839","Orel Mangala","Stuttgart","1580000","Bundesliga"
"840","Benjamin Hadzic","Stuttgart"," ","Bundesliga"
"841","Michael Esser","Hannover 96","1538000","Bundesliga"
"842","Yousef Emghames","Hannover 96"," ","Bundesliga"
"843","Tom Baller","Hannover 96"," ","Bundesliga"
"844","Julian Korb","Hannover 96","2500000","Bundesliga"
"845","Reece Oxford","Borussia Mönchengladbach"," ","Bundesliga"
"846","Gianluca Gaudino","Bayern Munich"," ","Bundesliga"
"847","René Adler","Mainz 05"," ","Bundesliga"
"848","Takuma Asano","Stuttgart"," ","Bundesliga"
"849","Mickaël Cuisance","Borussia Mönchengladbach"," ","Bundesliga"
"850","Denis Zakaria","Borussia Mönchengladbach","8800000","Bundesliga"
"851","Philipp Köhn","RB Leipzig"," ","Bundesliga"
"852","Julian Pollersbeck ","Hamburg","3100000","Bundesliga"
"853","Kenan Kodro","Mainz 05","1539750","Bundesliga"
"854","Luka Jovic","Eintracht Frankfurt"," ","Bundesliga"
"855","Alexandru Maxim","Mainz 05","2550000","Bundesliga"
"856","Jhon Cordoba","FC Cologne","14200000","Bundesliga"
"857","Bjarne Thoelke","Hamburg"," ","Bundesliga"
"858","Viktor Fischer","Mainz 05"," ","Bundesliga"
"859","Marcel Heller","Augsburg"," ","Bundesliga"
"860","Kyriakos Papadopoulos","Hamburg","5750000","Bundesliga"
"861","Daichi Kamada","Eintracht Frankfurt","2200000","Bundesliga"
"862","André Hahn","Hamburg","5300000","Bundesliga"
"863","Robert Zulj","Hoffenheim"," ","Bundesliga"
"864","Pablo Insua","Schalke 04","3100000","Bundesliga"
"865","Felix Uduokhai","Wolfsburg","880000","Bundesliga"
"866","Konrad Laimer","RB Leipzig","6000000","Bundesliga"
"867","Jiri Pavlenka","Werder Bremen","2500000","Bundesliga"
"868","Anastasios Donis","Stuttgart","2550000","Bundesliga"
"869","Mevlut Erding","Hannover 96"," ","Bundesliga"
"870","Yuning Zhang","Werder Bremen"," ","Bundesliga"
"871","Matthias Ginter","Borussia Mönchengladbach","14900000","Bundesliga"
"872","Michael Gregoritsch","Augsburg","4400000","Bundesliga"
"873","Sergio Córdova","Augsburg","880000","Bundesliga"
"874","Philipp Leinhart","Freiburg"," ","Bundesliga"
"875","Jonathan de Guzmán","Eintracht Frankfurt","1750000","Bundesliga"
"876","Jean-Kévin Augustin","RB Leipzig","11400000","Bundesliga"
"877","Ignacio Camacho","Wolfsburg","8800000","Bundesliga"
"878","Kaylen Hinds","Wolfsburg","2000000","Bundesliga"
"879","Nico Schulz","Hoffenheim","3100000","Bundesliga"
"880","Chadrac Akolo","Stuttgart"," ","Bundesliga"
"881","Dzenis Burnic","Stuttgart"," ","Bundesliga"
"882","Amine Harit","Schalke 04","8860000","Bundesliga"
"883","Jonathan Klinsmann","Hertha Berlin"," ","Bundesliga"
"884","Ron-Robert Zieler","Stuttgart","2500000","Bundesliga"
"885","Sven Bender","Bayer Leverkusen","13230000","Bundesliga"
"886","Serge Gnabry","Hoffenheim"," ","Bundesliga"
"887","Abdou Diallo","Mainz 05","3500000","Bundesliga"
"888","Bartosz Kapustka","Freiburg"," ","Bundesliga"
"889","Bastian Oczipka","Schalke 04","3900000","Bundesliga"
"890","João Queirós","FC Cologne","2650000","Bundesliga"
"891","Ailton Ferreira Silva","Stuttgart","900000","Bundesliga"
"892","Jorge Meré","FC Cologne","7600000","Bundesliga"
"893","Jetro Willems","Eintracht Frankfurt","4500000","Bundesliga"
"894","Tim Handwerker","FC Cologne"," ","Bundesliga"
"895","Valentino Lazaro","Hertha Berlin"," ","Bundesliga"
"896","Michael Langer","Schalke 04"," ","Bundesliga"
"897","Rick van Drongelen","Hamburg","2550000","Bundesliga"
"898","Holger Badstuber","Stuttgart"," ","Bundesliga"
"899","André Ramalho","Bayer Leverkusen"," ","Bundesliga"
"900","Paul Verhaegh","Wolfsburg","1360000","Bundesliga"
"901","Jérémy Clément","Nancy"," ","Bundesliga"
"902","Marco Terrazzino","Freiburg","2250000","Bundesliga"
"903","Simon Falette","Eintracht Frankfurt","2750000","Bundesliga"
"904","Raúl Bobadilla","Borussia Mönchengladbach","2000000","Bundesliga"
"905","Santiago Ascacibar","Stuttgart","7800000","Bundesliga"
"906","Marcel Tisserand","Wolfsburg"," ","Bundesliga"
"907","Jonathas","Hannover 96","7330000","Bundesliga"
"908","Robin Koch","Freiburg","3670000","Bundesliga"
"909","Yoric Ravet","Freiburg","4160000","Bundesliga"
"910","Andriy Yarmolenko","Borussia Dortmund","23100000","Bundesliga"
"911","Felix Passlack","Hoffenheim"," ","Bundesliga"
"912","Jeremy Toljan","Borussia Dortmund","4500000","Bundesliga"
"913","Panagiotis Restos","Bayer Leverkusen","16600000","Bundesliga"
"914","Kevin Kampl","RB Leipzig","18450000","Bundesliga"
"915","Kilian Jakob","Augsburg"," ","Bundesliga"
"916","Alexander Meyer","Stuttgart"," ","Bundesliga"
"917","Ante Rebic","Eintracht Frankfurt"," ","Bundesliga"
"918","Divock Origi","Wolfsburg"," ","Bundesliga"
"919","Jadon Sancho","Borussia Dortmund","8000000","Bundesliga"
"920","Ishak Belfodil","Werder Bremen"," ","Bundesliga"
"921","Andreas Beck","Stuttgart","1840000","Bundesliga"
"922","Ryan Kent","Freiburg"," ","Bundesliga"
